,Neighborhood,VAC:PROG,REC:PROG,ADOPT:PROG,BID:PROG,VACandADOPT,VACandREC,VACandBID,ADOPTandBID,REAL:Vacant,AnyProgram,TotalParcels,NotCityOwned,CityOwned,CityOwnedProgramSubset,population,white,blk_afam,amind_akna,asian,nathaw_pac,other_race,twoormore,hisp_lat,male,female,families,pop_dens,pop_chng,hh_chng,avehhsize,2019MedianIncome,MedianIncomeChangeFrom2011,2019PercentPublicAssistance
1,ABELL,8.0,5.0,1.0,0.0,0.0,4.0,0.0,0.0,8.0,10,467,464.0,3.0,1.0,889.0,606.0,213.0,3.0,33.0,1.0,4.0,29.0,30.0,424.0,465.0,159.0,12180.5280869,-107.0,-45.0,2.02045011,87436.0,38316.0,0.019
2,ALLENDALE,59.0,9.0,18.0,0.0,0.0,2.0,0.0,0.0,58.0,84,1353,1321.0,32.0,18.0,3554.0,18.0,3497.0,8.0,6.0,0.0,5.0,20.0,21.0,1536.0,2018.0,874.0,8747.46982184,-150.0,-11.0,2.47244,38282.0,1098.0,0.12
3,ARCADIA,3.0,6.0,1.0,0.0,0.0,1.0,0.0,0.0,3.0,9,468,467.0,1.0,1.0,1235.0,623.0,537.0,4.0,12.0,0.0,10.0,49.0,31.0,592.0,643.0,305.0,5463.14180959,-17.0,-8.0,2.67316007,73231.0,5800.0,0.015
4,ARLINGTON,128.0,12.0,12.0,16.0,0.0,9.0,5.0,7.0,128.0,147,991,957.0,34.0,25.0,2598.0,33.0,2496.0,3.0,9.0,0.0,10.0,47.0,17.0,1219.0,1379.0,585.0,14385.2387423,-437.0,-126.0,2.38369011,33912.0,-5490.0,0.049
5,ARMISTEAD GARDENS,0.0,0.0,0.0,0.0,0.0,0.0,0.0,0.0,0.0,0,18,17.0,1.0,,3458.0,2698.0,108.0,51.0,14.0,8.0,413.0,166.0,841.0,1621.0,1837.0,877.0,7313.99894072,547.0,176.0,2.37012004,43577.0,20079.0,0.069
6,ASHBURTON,5.0,0.0,2.0,0.0,0.0,0.0,0.0,0.0,5.0,7,996,991.0,5.0,2.0,2520.0,33.0,2431.0,6.0,4.0,0.0,15.0,31.0,39.0,1082.0,1438.0,625.0,7150.32636247,8.0,-16.0,2.29444003,54565.0,10943.0,
7,BALTIMORE HIGHLANDS,35.0,10.0,1.0,0.0,0.0,6.0,0.0,0.0,35.0,40,1063,1062.0,1.0,1.0,2703.0,1023.0,700.0,63.0,75.0,11.0,693.0,138.0,1117.0,1485.0,1218.0,514.0,17840.2120197,387.0,-79.0,3.08561992,47303.0,10101.0,0.025
8,BARCLAY,79.0,33.0,61.0,3.0,0.0,23.0,2.0,0.0,78.0,151,1129,983.0,146.0,71.0,2181.0,302.0,1764.0,10.0,23.0,0.0,35.0,47.0,78.0,1149.0,1032.0,379.0,15517.3631535,-537.0,-132.0,2.1329801,34549.0,-3405.0,0.062
9,BARRE CIRCLE,0.0,0.0,1.0,0.0,0.0,0.0,0.0,0.0,0.0,1,161,156.0,5.0,1.0,450.0,228.0,154.0,6.0,34.0,0.0,12.0,16.0,14.0,224.0,226.0,69.0,18790.2626146,117.0,64.0,2.15311002,55134.0,14584.0,0.046
10,BAYVIEW,3.0,0.0,0.0,0.0,0.0,0.0,0.0,0.0,3.0,3,938,938.0,,,2263.0,1481.0,234.0,7.0,123.0,0.0,342.0,76.0,519.0,1151.0,1112.0,502.0,24224.9290561,87.0,-75.0,2.32851004,54653.0,12209.0,
11,BEECHFIELD,6.0,3.0,8.0,0.0,0.0,1.0,0.0,0.0,6.0,16,1347,1335.0,12.0,8.0,3708.0,363.0,3216.0,7.0,29.0,0.0,20.0,73.0,87.0,1638.0,2070.0,970.0,9202.02177984,-50.0,30.0,2.54653,54370.0,9497.0,0.044
12,BELAIR-EDISON,142.0,25.0,6.0,0.0,0.0,18.0,0.0,0.0,142.0,155,6346,6328.0,18.0,6.0,16690.0,1338.0,14958.0,38.0,81.0,1.0,77.0,197.0,199.0,7500.0,9190.0,4157.0,20231.4288208,167.0,-37.0,2.78666996,51922.0,8491.0,0.07
13,BELAIR-PARKSIDE,2.0,1.0,1.0,0.0,0.0,0.0,0.0,0.0,2.0,4,174,172.0,2.0,1.0,444.0,108.0,299.0,1.0,7.0,0.0,1.0,28.0,10.0,197.0,247.0,106.0,13783.0674115,-58.0,-7.0,2.8280301,51922.0,8491.0,0.07
14,BELLONA-GITTINGS,0.0,0.0,0.0,0.0,0.0,0.0,0.0,0.0,0.0,0,248,248.0,,,599.0,481.0,64.0,0.0,35.0,0.0,2.0,17.0,19.0,286.0,313.0,178.0,3684.79933242,0.0,-9.0,2.43495988,167464.0,18047.0,
15,BELVEDERE,1.0,0.0,1.0,0.0,0.0,0.0,0.0,0.0,1.0,2,343,341.0,2.0,1.0,720.0,234.0,466.0,1.0,4.0,0.0,4.0,11.0,6.0,339.0,381.0,193.0,6946.99905265,0.0,-15.0,2.46574997,77813.0,-1250.0,0.034
16,BEREA,181.0,9.0,11.0,11.0,0.0,8.0,4.0,5.0,181.0,195,1761,1718.0,43.0,19.0,3865.0,32.0,3784.0,11.0,7.0,0.0,5.0,26.0,35.0,1749.0,2116.0,930.0,11366.8232976,-660.0,-179.0,2.54216003,42351.0,13809.0,0.017
17,BETTER WAVERLY,76.0,23.0,38.0,1.0,0.0,13.0,0.0,1.0,76.0,124,1145,1089.0,56.0,40.0,2874.0,389.0,2363.0,9.0,27.0,0.0,28.0,58.0,92.0,1251.0,1623.0,606.0,10199.4826231,-153.0,18.0,2.46475005,41610.0,15071.0,0.09
18,BEVERLY HILLS,0.0,0.0,0.0,0.0,0.0,0.0,0.0,0.0,0.0,0,321,321.0,,,669.0,389.0,265.0,1.0,3.0,0.0,8.0,3.0,13.0,309.0,360.0,170.0,6422.64387354,-132.0,-3.0,2.31487989,78348.0,3160.0,0.027
19,BIDDLE STREET,115.0,0.0,34.0,1.0,0.0,0.0,1.0,0.0,115.0,149,684,614.0,70.0,50.0,1265.0,8.0,1239.0,0.0,2.0,0.0,6.0,10.0,10.0,601.0,664.0,314.0,11209.5285785,-209.0,-64.0,2.94871997,32522.0,2617.0,0.042
20,BLYTHEWOOD,0.0,0.0,0.0,0.0,0.0,0.0,0.0,0.0,0.0,0,12,12.0,,,72.0,67.0,0.0,0.0,0.0,0.0,0.0,5.0,3.0,38.0,34.0,21.0,948.71155783,44.0,15.0,2.76922988,250000.0,-1.0,
21,BOLTON HILL,3.0,1.0,7.0,1.0,0.0,0.0,0.0,1.0,3.0,11,1058,1038.0,20.0,7.0,4974.0,2807.0,1581.0,10.0,361.0,2.0,53.0,160.0,163.0,2215.0,2759.0,613.0,21842.1651763,-318.0,-83.0,1.6516,63072.0,25653.0,0.025
22,BOYD-BOOTH,164.0,1.0,22.0,10.0,0.0,1.0,9.0,1.0,163.0,186,501,441.0,60.0,45.0,822.0,25.0,776.0,3.0,1.0,0.0,0.0,17.0,8.0,408.0,414.0,187.0,21222.556703,-164.0,-38.0,2.98908996,32344.0,11647.0,
23,BREWERS HILL,2.0,0.0,1.0,0.0,0.0,0.0,0.0,0.0,2.0,3,826,824.0,2.0,1.0,1511.0,1249.0,56.0,24.0,39.0,1.0,104.0,38.0,171.0,737.0,774.0,289.0,16947.7876045,17.0,14.0,2.18669009,111704.0,42021.0,0.01
24,BRIDGEVIEW/GREENLAWN,37.0,7.0,2.0,1.0,0.0,3.0,0.0,0.0,37.0,44,730,720.0,10.0,3.0,1975.0,7.0,1943.0,4.0,2.0,0.0,1.0,18.0,11.0,874.0,1101.0,460.0,6971.33021795,-335.0,-47.0,2.32901,37906.0,6579.0,0.076
25,BROADWAY EAST,917.0,18.0,328.0,109.0,2.0,18.0,17.0,59.0,916.0,1277,3845,3173.0,672.0,405.0,4931.0,117.0,4681.0,15.0,17.0,2.0,15.0,84.0,65.0,2217.0,2714.0,1082.0,14237.4010178,-1905.0,-523.0,2.87142992,34948.0,10610.0,0.073
26,BROENING MANOR,6.0,3.0,1.0,0.0,0.0,2.0,0.0,0.0,6.0,8,668,665.0,3.0,1.0,1726.0,1062.0,343.0,28.0,18.0,1.0,231.0,43.0,429.0,847.0,879.0,390.0,10615.8612734,56.0,-33.0,2.60331988,31985.0,4568.0,0.066
27,BROOKLYN,204.0,4.0,12.0,3.0,0.0,4.0,0.0,1.0,204.0,218,3143,3108.0,35.0,17.0,9996.0,4788.0,4051.0,52.0,148.0,2.0,502.0,453.0,1149.0,4870.0,5126.0,2279.0,11714.2736389,867.0,-10.0,2.77870011,41670.0,5142.0,0.073
28,BURLEITH-LEIGHTON,7.0,3.0,17.0,0.0,0.0,3.0,0.0,0.0,7.0,24,358,342.0,16.0,15.0,737.0,5.0,711.0,2.0,0.0,0.0,0.0,19.0,3.0,330.0,407.0,187.0,8718.87755314,33.0,-3.0,2.53264999,32645.0,-933.0,0.072
29,BUTCHER'S HILL,8.0,1.0,0.0,0.0,0.0,0.0,0.0,0.0,8.0,9,841,839.0,2.0,,1889.0,1320.0,349.0,45.0,68.0,0.0,70.0,37.0,130.0,932.0,957.0,351.0,24329.1299953,1.0,28.0,2.10247993,88464.0,14596.0,
30,CALLAWAY-GARRISON,19.0,4.0,2.0,0.0,0.0,2.0,0.0,0.0,18.0,23,552,549.0,3.0,2.0,1798.0,35.0,1720.0,9.0,7.0,0.0,7.0,20.0,11.0,819.0,979.0,443.0,9447.99100767,-165.0,-26.0,2.72603011,49009.0,10072.0,0.093
31,CAMERON VILLAGE,4.0,0.0,0.0,0.0,0.0,0.0,0.0,0.0,4.0,4,549,548.0,1.0,,1435.0,48.0,1353.0,7.0,0.0,1.0,11.0,15.0,32.0,642.0,793.0,368.0,13819.0422776,-158.0,-18.0,2.27143001,43174.0,8157.0,0.069
32,CANTON,18.0,6.0,1.0,0.0,0.0,4.0,0.0,0.0,18.0,21,6526,6507.0,19.0,1.0,12192.0,10811.0,485.0,45.0,383.0,11.0,222.0,235.0,641.0,6017.0,6175.0,2126.0,21371.724141,1305.0,855.0,1.87871003,122912.0,47852.0,0.011
33,CANTON INDUSTRIAL AREA,0.0,0.0,5.0,0.0,0.0,0.0,0.0,0.0,0.0,5,305,282.0,23.0,5.0,0.0,0.0,0.0,0.0,0.0,0.0,0.0,0.0,0.0,0.0,0.0,0.0,0.0,0.0,0.0,0.0,107688.0,62538.0,
34,CARE,46.0,10.0,76.0,16.0,0.0,8.0,0.0,15.0,46.0,125,890,800.0,90.0,77.0,1151.0,102.0,969.0,1.0,47.0,5.0,10.0,17.0,41.0,518.0,633.0,248.0,13582.5589072,-714.0,-207.0,2.24950003,51696.0,26037.0,0.036
35,CARROLL - CAMDEN INDUSTRIAL AREA,2.0,0.0,3.0,0.0,0.0,0.0,0.0,0.0,2.0,5,177,161.0,16.0,3.0,0.0,0.0,0.0,0.0,0.0,0.0,0.0,0.0,0.0,0.0,0.0,0.0,0.0,0.0,0.0,0.0,,,
36,CARROLL PARK,0.0,0.0,0.0,0.0,0.0,0.0,0.0,0.0,0.0,0,7,5.0,2.0,,0.0,0.0,0.0,0.0,0.0,0.0,0.0,0.0,0.0,0.0,0.0,0.0,0.0,0.0,0.0,0.0,53929.0,-3299.0,
37,CARROLL-SOUTH HILTON,67.0,0.0,5.0,1.0,0.0,0.0,0.0,0.0,67.0,73,717,702.0,15.0,6.0,1370.0,40.0,1315.0,1.0,1.0,0.0,1.0,12.0,13.0,630.0,740.0,340.0,2824.168215,-182.0,-54.0,2.63513994,38585.0,12367.0,0.016
38,CARROLLTON RIDGE,793.0,16.0,41.0,42.0,0.0,12.0,6.0,23.0,792.0,851,2294,2197.0,97.0,83.0,3645.0,1222.0,2162.0,10.0,80.0,1.0,65.0,105.0,108.0,1752.0,1893.0,782.0,16354.4109497,-1180.0,-521.0,3.17118,32008.0,2277.0,0.086
39,CEDARCROFT,0.0,0.0,0.0,0.0,0.0,0.0,0.0,0.0,0.0,0,241,241.0,,,726.0,633.0,45.0,1.0,28.0,0.0,3.0,16.0,25.0,352.0,374.0,192.0,5429.42693465,137.0,36.0,2.74144005,115243.0,40974.0,
40,CEDMONT,7.0,2.0,0.0,0.0,0.0,0.0,0.0,0.0,7.0,9,1076,1071.0,5.0,,2594.0,1175.0,1307.0,10.0,50.0,0.0,16.0,36.0,66.0,1226.0,1368.0,626.0,6899.17136823,13.0,-32.0,2.64548993,70005.0,17843.0,
41,CEDONIA,6.0,1.0,0.0,0.0,0.0,1.0,0.0,0.0,6.0,6,901,888.0,13.0,,3316.0,176.0,3051.0,4.0,15.0,0.0,21.0,49.0,63.0,1467.0,1849.0,857.0,11750.4001996,-265.0,-78.0,2.56062006,64857.0,21818.0,0.047
42,CENTRAL FOREST PARK,14.0,6.0,1.0,0.0,0.0,3.0,0.0,0.0,14.0,18,320,318.0,2.0,1.0,1273.0,48.0,1205.0,1.0,7.0,0.0,1.0,11.0,18.0,606.0,667.0,261.0,8524.26976047,-216.0,-96.0,2.82296991,50376.0,5920.0,0.057
43,CENTRAL PARK HEIGHTS,492.0,40.0,350.0,77.0,0.0,36.0,18.0,46.0,491.0,859,2843,2077.0,766.0,475.0,6026.0,109.0,5774.0,11.0,15.0,0.0,22.0,95.0,85.0,2746.0,3280.0,1355.0,13607.4487934,-1890.0,-488.0,2.95436,43802.0,11862.0,0.066
44,CHARLES NORTH,10.0,3.0,0.0,0.0,0.0,3.0,0.0,0.0,10.0,10,342,331.0,11.0,,1059.0,216.0,666.0,5.0,100.0,1.0,39.0,32.0,60.0,608.0,451.0,104.0,7629.78315034,-77.0,-44.0,1.39664995,48634.0,18306.0,0.164
45,CHARLES VILLAGE,14.0,4.0,1.0,0.0,0.0,1.0,0.0,0.0,14.0,18,1492,1489.0,3.0,1.0,8255.0,4802.0,1288.0,19.0,1686.0,8.0,142.0,310.0,450.0,4320.0,3935.0,612.0,31345.8915316,904.0,-724.0,2.21610999,48618.0,15672.0,0.029
46,CHERRY HILL,60.0,3.0,2.0,3.0,0.0,3.0,0.0,2.0,60.0,63,1221,1208.0,13.0,3.0,8367.0,238.0,7919.0,16.0,21.0,1.0,62.0,110.0,140.0,3431.0,4936.0,2096.0,7143.91659329,595.0,268.0,2.61549997,32265.0,9237.0,0.1
47,CHESWOLDE,3.0,0.0,2.0,0.0,0.0,0.0,0.0,0.0,3.0,5,1417,1408.0,9.0,2.0,7270.0,5654.0,1053.0,12.0,391.0,11.0,43.0,106.0,170.0,3296.0,3974.0,1661.0,8500.15670917,876.0,173.0,2.20904994,81365.0,12055.0,0.014
48,CHINQUAPIN PARK,1.0,0.0,0.0,0.0,0.0,0.0,0.0,0.0,1.0,1,563,558.0,5.0,,1309.0,134.0,1121.0,14.0,7.0,1.0,6.0,26.0,23.0,584.0,725.0,352.0,11409.4739451,-125.0,-9.0,2.48380994,72801.0,3271.0,0.039
49,CLIFTON PARK,2.0,0.0,0.0,0.0,0.0,0.0,0.0,0.0,2.0,2,30,26.0,4.0,,0.0,0.0,0.0,0.0,0.0,0.0,0.0,0.0,0.0,0.0,0.0,0.0,0.0,0.0,0.0,0.0,77532.0,35803.0,
50,COLDSPRING,0.0,0.0,0.0,0.0,0.0,0.0,0.0,0.0,0.0,0,387,373.0,14.0,,1029.0,165.0,790.0,5.0,35.0,0.0,4.0,30.0,17.0,413.0,616.0,201.0,1583.37721653,149.0,113.0,1.69243001,52251.0,8613.0,0.089
51,COLDSTREAM HOMESTEAD MONTEBELLO,396.0,33.0,51.0,3.0,0.0,25.0,1.0,0.0,395.0,457,3107,2845.0,262.0,68.0,7266.0,118.0,6972.0,21.0,31.0,0.0,16.0,108.0,102.0,3337.0,3929.0,1714.0,14115.9099058,-1471.0,-327.0,2.96169996,39439.0,6878.0,0.085
52,CONCERNED CITIZENS OF FOREST PARK,27.0,4.0,19.0,0.0,0.0,3.0,0.0,0.0,27.0,47,464,442.0,22.0,19.0,1153.0,12.0,1126.0,1.0,2.0,0.0,1.0,11.0,12.0,523.0,630.0,288.0,14432.8142023,-177.0,-39.0,2.63193988,58037.0,24741.0,0.04
53,COPPIN HEIGHTS/ASH-CO-EAST,201.0,15.0,14.0,1.0,0.0,13.0,1.0,0.0,201.0,217,1302,1283.0,19.0,16.0,2660.0,13.0,2592.0,7.0,10.0,3.0,7.0,28.0,20.0,1210.0,1450.0,604.0,13856.8801631,-444.0,-202.0,2.97979998,44021.0,19156.0,0.022
54,CROSS COUNTRY,2.0,0.0,1.0,0.0,0.0,0.0,0.0,0.0,2.0,3,1306,1303.0,3.0,1.0,5157.0,4039.0,822.0,2.0,175.0,0.0,50.0,69.0,111.0,2340.0,2817.0,1143.0,8705.17868903,492.0,19.0,2.51154994,62107.0,9956.0,0.032
55,CROSS KEYS,0.0,0.0,0.0,0.0,0.0,0.0,0.0,0.0,0.0,0,811,809.0,2.0,,856.0,725.0,85.0,0.0,25.0,1.0,5.0,15.0,15.0,344.0,512.0,169.0,3076.81019608,-3.0,-15.0,1.36960005,56490.0,-31465.0,0.7
56,CURTIS BAY,128.0,17.0,12.0,0.0,0.0,15.0,0.0,0.0,128.0,142,1700,1672.0,28.0,12.0,4063.0,2512.0,1086.0,30.0,104.0,0.0,88.0,243.0,227.0,2028.0,2035.0,943.0,7949.33687397,81.0,-35.0,2.65902996,40053.0,9417.0,0.158
57,CURTIS BAY INDUSTRIAL AREA,0.0,0.0,0.0,0.0,0.0,0.0,0.0,0.0,0.0,0,27,27.0,,,0.0,0.0,0.0,0.0,0.0,0.0,0.0,0.0,0.0,0.0,0.0,0.0,0.0,0.0,0.0,0.0,1.0,-17499.0,1.0
58,CYLBURN,18.0,2.0,6.0,0.0,0.0,2.0,0.0,0.0,18.0,24,699,692.0,7.0,6.0,2357.0,43.0,2245.0,18.0,5.0,0.0,12.0,34.0,26.0,1065.0,1292.0,591.0,10667.9796573,-229.0,7.0,2.48105001,50855.0,13652.0,0.065
59,DARLEY PARK,114.0,0.0,3.0,2.0,0.0,0.0,2.0,0.0,114.0,117,531,521.0,10.0,10.0,1218.0,7.0,1189.0,1.0,6.0,0.0,0.0,15.0,7.0,585.0,633.0,278.0,23438.749595,-334.0,-87.0,3.22221994,29628.0,-3356.0,0.175
60,DICKEYVILLE,0.0,0.0,1.0,0.0,0.0,0.0,0.0,0.0,0.0,1,132,130.0,2.0,1.0,156.0,143.0,9.0,0.0,0.0,0.0,1.0,3.0,6.0,73.0,83.0,33.0,731.95066533,-143.0,-7.0,1.85713994,31024.0,-7468.0,0.072
61,DOLFIELD,20.0,6.0,6.0,0.0,0.0,5.0,0.0,0.0,20.0,27,652,641.0,11.0,6.0,2156.0,48.0,2065.0,12.0,10.0,0.0,4.0,17.0,17.0,931.0,1225.0,517.0,12677.9864541,-87.0,-55.0,2.61364006,40616.0,1511.0,0.087
62,DORCHESTER,26.0,8.0,14.0,0.0,0.0,4.0,0.0,0.0,26.0,44,569,550.0,19.0,14.0,1700.0,17.0,1659.0,3.0,6.0,0.0,3.0,12.0,17.0,797.0,903.0,396.0,8920.28262498,-118.0,-71.0,2.82106995,87851.0,58439.0,0.17
63,DOWNTOWN,54.0,5.0,1.0,0.0,0.0,3.0,0.0,0.0,54.0,57,1197,1078.0,119.0,17.0,4448.0,2161.0,1126.0,12.0,927.0,6.0,65.0,151.0,234.0,2259.0,2189.0,417.0,10919.324132,2592.0,1550.0,1.48385,47862.0,9850.0,0.4
64,DOWNTOWN WEST,0.0,0.0,0.0,0.0,0.0,0.0,0.0,0.0,0.0,0,54,33.0,21.0,,366.0,246.0,48.0,1.0,50.0,0.0,4.0,17.0,21.0,203.0,163.0,34.0,3336.43089331,245.0,183.0,1.34716999,61534.0,20553.0,
65,DRUID HEIGHTS,185.0,8.0,136.0,15.0,7.0,7.0,11.0,1.0,185.0,318,1043,770.0,273.0,164.0,1497.0,19.0,1454.0,5.0,4.0,0.0,2.0,13.0,11.0,732.0,765.0,292.0,16538.5774252,-402.0,-184.0,2.50931,36906.0,13509.0,0.051
66,DRUID HILL PARK,0.0,0.0,0.0,0.0,0.0,0.0,0.0,0.0,0.0,0,3,2.0,1.0,,0.0,0.0,0.0,0.0,0.0,0.0,0.0,0.0,0.0,0.0,0.0,0.0,0.0,0.0,0.0,0.0,73741.0,23514.0,0.167
67,DUNBAR-BROADWAY,0.0,0.0,1.0,1.0,0.0,0.0,0.0,1.0,0.0,1,68,60.0,8.0,1.0,889.0,47.0,734.0,1.0,91.0,0.0,1.0,15.0,8.0,343.0,546.0,170.0,5181.68389101,-289.0,-211.0,1.98909997,40121.0,17068.0,0.096
68,DUNDALK MARINE TERMINAL,0.0,0.0,0.0,0.0,0.0,0.0,0.0,0.0,0.0,0,6,6.0,,,0.0,0.0,0.0,0.0,0.0,0.0,0.0,0.0,0.0,0.0,0.0,0.0,0.0,0.0,0.0,0.0,,,
69,EAST ARLINGTON,2.0,1.0,3.0,0.0,0.0,0.0,0.0,0.0,2.0,6,722,717.0,5.0,3.0,2432.0,18.0,2368.0,0.0,8.0,2.0,8.0,28.0,27.0,1036.0,1396.0,635.0,18801.9198561,-27.0,-37.0,2.43199992,44514.0,10603.0,0.031
70,EAST BALTIMORE MIDWAY,416.0,23.0,37.0,15.0,0.0,21.0,5.0,7.0,416.0,458,1808,1729.0,79.0,53.0,3034.0,40.0,2924.0,13.0,20.0,0.0,0.0,37.0,13.0,1407.0,1627.0,708.0,10119.3872211,-1105.0,-303.0,2.9774301,34176.0,3839.0,0.087
71,EASTERWOOD,177.0,1.0,8.0,4.0,0.0,1.0,3.0,0.0,177.0,186,761,744.0,17.0,13.0,1596.0,31.0,1539.0,6.0,3.0,0.0,1.0,16.0,26.0,727.0,869.0,353.0,20662.3289462,-139.0,-93.0,2.84491991,39431.0,10589.0,0.043
72,EASTWOOD,0.0,0.0,0.0,0.0,0.0,0.0,0.0,0.0,0.0,0,290,290.0,,,577.0,486.0,25.0,1.0,10.0,1.0,29.0,25.0,74.0,281.0,296.0,137.0,20570.4229888,36.0,0.0,2.28063011,46524.0,4287.0,0.109
73,EDGEWOOD,65.0,16.0,49.0,2.0,0.0,11.0,1.0,0.0,65.0,120,1056,988.0,68.0,54.0,2399.0,20.0,2330.0,15.0,1.0,4.0,6.0,23.0,20.0,1059.0,1340.0,587.0,23101.2634872,-229.0,-66.0,3.13203001,35218.0,2562.0,0.065
74,EDMONDSON VILLAGE,30.0,3.0,1.0,0.0,0.0,1.0,0.0,0.0,30.0,33,1351,1350.0,1.0,,3940.0,30.0,3832.0,6.0,2.0,0.0,4.0,66.0,32.0,1712.0,2228.0,1044.0,21202.0994404,-524.0,-89.0,2.63697004,43484.0,4447.0,0.103
75,EDNOR GARDENS-LAKESIDE,14.0,0.0,4.0,0.0,0.0,0.0,0.0,0.0,14.0,18,1955,1946.0,9.0,4.0,5185.0,802.0,4153.0,10.0,93.0,0.0,25.0,102.0,70.0,2284.0,2901.0,1244.0,10152.8741069,117.0,333.0,2.27775001,61028.0,9064.0,0.025
76,ELLWOOD PARK/MONUMENT,153.0,17.0,7.0,0.0,0.0,11.0,0.0,0.0,153.0,166,1343,1333.0,10.0,7.0,3580.0,415.0,2647.0,44.0,72.0,7.0,276.0,119.0,501.0,1738.0,1842.0,789.0,25673.2306233,74.0,-31.0,3.41929006,40868.0,4458.0,0.062
77,EVERGREEN,0.0,0.0,0.0,0.0,0.0,0.0,0.0,0.0,0.0,0,173,170.0,3.0,,382.0,348.0,9.0,2.0,9.0,0.0,0.0,14.0,9.0,182.0,200.0,98.0,6637.14009299,-25.0,-22.0,2.04324007,160625.0,81042.0,0.012
78,EVERGREEN LAWN,18.0,6.0,0.0,0.0,0.0,5.0,0.0,0.0,18.0,19,416,415.0,1.0,,1132.0,10.0,1082.0,2.0,3.0,0.0,8.0,27.0,19.0,523.0,609.0,273.0,21197.2687424,-91.0,-47.0,2.83709001,31708.0,-2695.0,0.137
79,EVESHAM PARK,0.0,0.0,2.0,0.0,0.0,0.0,0.0,0.0,0.0,2,243,239.0,4.0,2.0,709.0,261.0,404.0,2.0,13.0,3.0,5.0,21.0,26.0,334.0,375.0,167.0,9655.49614788,32.0,-10.0,2.11747002,58790.0,19008.0,
80,FAIRFIELD AREA,4.0,0.0,95.0,0.0,0.0,0.0,0.0,0.0,4.0,99,381,270.0,111.0,95.0,159.0,105.0,43.0,0.0,1.0,0.0,7.0,3.0,19.0,72.0,87.0,32.0,66.13152802,-60.0,0.0,2.30434989,38628.0,16329.0,0.525
81,FAIRMONT,6.0,0.0,7.0,0.0,0.0,0.0,0.0,0.0,6.0,13,155,146.0,9.0,7.0,347.0,10.0,322.0,7.0,1.0,0.0,3.0,4.0,2.0,166.0,181.0,82.0,2094.63279645,-37.0,-20.0,2.42656993,24416.0,-15700.0,0.01
82,FALLSTAFF,3.0,1.0,3.0,0.0,0.0,0.0,0.0,0.0,3.0,7,886,881.0,5.0,3.0,4219.0,1575.0,2031.0,23.0,102.0,25.0,382.0,81.0,589.0,1958.0,2261.0,965.0,14275.7031028,312.0,96.0,2.3543899,42558.0,1152.0,0.05
83,FEDERAL HILL,5.0,0.0,3.0,0.0,0.0,0.0,0.0,0.0,5.0,8,1366,1353.0,13.0,3.0,2600.0,2315.0,132.0,5.0,86.0,0.0,13.0,49.0,79.0,1349.0,1251.0,424.0,17459.6324902,198.0,101.0,1.83369004,114032.0,20687.0,0.013
84,FELLS POINT,15.0,3.0,1.0,0.0,0.0,1.0,0.0,0.0,14.0,18,2333,2307.0,26.0,1.0,3976.0,3074.0,349.0,19.0,208.0,6.0,195.0,125.0,444.0,2141.0,1835.0,620.0,13802.6883426,924.0,542.0,1.67808997,88092.0,38474.0,0.025
85,FOREST PARK,25.0,6.0,8.0,0.0,1.0,6.0,0.0,0.0,25.0,32,425,417.0,8.0,8.0,1560.0,25.0,1504.0,8.0,1.0,0.0,5.0,17.0,35.0,681.0,879.0,367.0,10059.3117376,-147.0,-40.0,2.33882999,49159.0,-5725.0,0.01
86,FOREST PARK GOLF COURSE,0.0,0.0,0.0,0.0,0.0,0.0,0.0,0.0,0.0,0,120,119.0,1.0,,392.0,11.0,376.0,0.0,0.0,0.0,2.0,3.0,9.0,185.0,207.0,93.0,3805.54626503,61.0,0.0,3.11110997,78440.0,22775.0,0.062
87,FOUR BY FOUR,75.0,3.0,1.0,0.0,0.0,3.0,0.0,0.0,75.0,76,526,524.0,2.0,2.0,1261.0,27.0,1197.0,1.0,3.0,0.0,10.0,23.0,16.0,587.0,674.0,300.0,17808.1410683,-363.0,-113.0,3.22505998,32992.0,-8536.0,0.041
88,FRANKFORD,28.0,3.0,47.0,1.0,0.0,0.0,0.0,1.0,28.0,78,4182,4110.0,72.0,46.0,17694.0,2092.0,14595.0,67.0,400.0,4.0,115.0,421.0,362.0,8056.0,9638.0,4175.0,8327.28694902,902.0,31.0,2.44359993,54855.0,11094.0,0.035
89,FRANKLIN SQUARE,322.0,16.0,171.0,92.0,0.0,15.0,20.0,63.0,321.0,503,1511,1247.0,264.0,221.0,2967.0,98.0,2728.0,22.0,11.0,0.0,62.0,46.0,108.0,1432.0,1535.0,649.0,17238.4092852,-585.0,-220.0,2.5,26086.0,-8523.0,0.055
90,FRANKLINTOWN,5.0,0.0,16.0,0.0,0.0,0.0,0.0,0.0,5.0,21,303,275.0,28.0,16.0,1282.0,88.0,1170.0,4.0,1.0,0.0,9.0,10.0,28.0,559.0,723.0,316.0,2153.3345669,-132.0,-60.0,2.54999995,71615.0,31498.0,0.056
91,FRANKLINTOWN ROAD,169.0,3.0,19.0,5.0,0.0,3.0,4.0,0.0,169.0,189,773,740.0,33.0,26.0,1940.0,5.0,1885.0,5.0,8.0,0.0,6.0,31.0,31.0,909.0,1031.0,425.0,15785.4894218,-425.0,-173.0,2.44640994,37248.0,10764.0,0.114
92,GARWYN OAKS,9.0,2.0,6.0,0.0,0.0,1.0,0.0,0.0,9.0,16,312,306.0,6.0,6.0,1132.0,19.0,1100.0,0.0,1.0,0.0,0.0,12.0,6.0,520.0,612.0,247.0,8617.7321378,-442.0,-169.0,2.76237988,59364.0,28018.0,0.071
93,GAY STREET,38.0,2.0,24.0,20.0,1.0,2.0,1.0,17.0,36.0,64,358,314.0,44.0,29.0,1998.0,21.0,1943.0,0.0,13.0,0.0,3.0,18.0,16.0,775.0,1223.0,441.0,18231.5479262,-80.0,-19.0,2.47749996,36394.0,3572.0,0.105
94,GLEN,6.0,2.0,6.0,0.0,0.0,1.0,0.0,0.0,6.0,13,2155,2146.0,9.0,6.0,7876.0,2949.0,4624.0,16.0,72.0,6.0,92.0,117.0,154.0,3605.0,4271.0,1822.0,10540.0563738,-235.0,-51.0,2.36824011,40923.0,-3887.0,0.033
95,GLEN OAKS,2.0,0.0,0.0,0.0,0.0,0.0,0.0,0.0,2.0,2,768,761.0,7.0,,2887.0,212.0,2558.0,11.0,37.0,4.0,11.0,54.0,55.0,1282.0,1605.0,735.0,10722.1069082,-45.0,-30.0,2.46540999,60710.0,12157.0,0.04
97,GLENHAM-BELHAR,23.0,2.0,5.0,0.0,0.0,1.0,0.0,0.0,23.0,29,2198,2187.0,11.0,5.0,6175.0,2314.0,3573.0,31.0,59.0,1.0,43.0,154.0,124.0,2805.0,3370.0,1476.0,8239.45946394,86.0,-38.0,2.4913299,72181.0,15638.0,0.034
98,GRACELAND PARK,12.0,1.0,13.0,0.0,0.0,1.0,0.0,0.0,12.0,25,916,898.0,18.0,13.0,2011.0,1444.0,224.0,39.0,71.0,0.0,162.0,71.0,410.0,997.0,1014.0,465.0,6434.40411715,292.0,35.0,2.69095993,45155.0,8431.0,0.046
100,GREEKTOWN,5.0,3.0,2.0,0.0,0.0,0.0,0.0,0.0,5.0,10,2001,1992.0,9.0,2.0,3678.0,2401.0,251.0,41.0,56.0,11.0,777.0,141.0,1293.0,1925.0,1753.0,827.0,16387.1060852,384.0,-5.0,2.80977988,84506.0,49109.0,0.017
101,GREENMOUNT CEMETERY,0.0,0.0,0.0,0.0,0.0,0.0,0.0,0.0,0.0,0,1,1.0,,,0.0,0.0,0.0,0.0,0.0,0.0,0.0,0.0,0.0,0.0,0.0,0.0,0.0,0.0,0.0,0.0,,,
102,GREENMOUNT WEST,14.0,7.0,17.0,1.0,0.0,4.0,0.0,0.0,14.0,35,653,625.0,28.0,18.0,1339.0,331.0,960.0,5.0,20.0,0.0,2.0,21.0,14.0,697.0,642.0,241.0,13372.8536277,144.0,90.0,2.31052994,47588.0,12305.0,0.019
103,GREENSPRING,171.0,8.0,48.0,10.0,2.0,6.0,3.0,5.0,171.0,221,1183,1097.0,86.0,61.0,3436.0,22.0,3357.0,5.0,7.0,1.0,3.0,41.0,17.0,1512.0,1924.0,856.0,19763.414123,-562.0,-165.0,2.8761599,29250.0,2932.0,0.125
104,GROVE PARK,7.0,0.0,1.0,0.0,0.0,0.0,0.0,0.0,7.0,8,493,488.0,5.0,1.0,1934.0,21.0,1859.0,10.0,4.0,0.0,5.0,35.0,19.0,832.0,1102.0,489.0,5633.48493242,-239.0,63.0,2.21929001,31979.0,-1259.0,0.08
105,GUILFORD,3.0,1.0,2.0,0.0,0.0,1.0,0.0,0.0,3.0,5,816,810.0,6.0,2.0,2214.0,1810.0,221.0,2.0,100.0,3.0,16.0,62.0,70.0,1099.0,1115.0,610.0,4005.59300369,116.0,65.0,2.52740001,188116.0,8708.0,
106,GWYNNS FALLS,43.0,0.0,7.0,0.0,0.0,0.0,0.0,0.0,43.0,50,583,570.0,13.0,7.0,1184.0,641.0,479.0,9.0,3.0,0.0,12.0,40.0,51.0,593.0,591.0,285.0,6623.84126819,1.0,-28.0,2.69704008,37960.0,2871.0,0.046
107,GWYNNS FALLS/LEAKIN PARK,1.0,0.0,7.0,0.0,0.0,0.0,0.0,0.0,1.0,8,26,3.0,23.0,7.0,0.0,0.0,0.0,0.0,0.0,0.0,0.0,0.0,0.0,0.0,0.0,0.0,0.0,0.0,0.0,0.0,35579.0,5804.0,0.034
108,HAMILTON HILLS,12.0,5.0,9.0,0.0,0.0,2.0,0.0,0.0,12.0,24,2475,2452.0,23.0,9.0,9752.0,2495.0,6837.0,17.0,94.0,1.0,89.0,219.0,266.0,4522.0,5230.0,2427.0,8539.90117559,-28.0,-100.0,2.40305995,61663.0,8494.0,0.0287
109,HAMPDEN,23.0,3.0,22.0,0.0,0.0,1.0,0.0,0.0,23.0,47,3367,3331.0,36.0,22.0,6963.0,6208.0,314.0,18.0,186.0,1.0,60.0,176.0,221.0,3371.0,3592.0,1417.0,11332.0066295,-499.0,-35.0,2.01980996,85202.0,35424.0,0.025
110,HANLON-LONGWOOD,36.0,11.0,34.0,0.0,0.0,5.0,0.0,0.0,36.0,76,918,880.0,38.0,31.0,2311.0,23.0,2222.0,2.0,2.0,0.0,18.0,44.0,35.0,1029.0,1282.0,564.0,5310.40493297,-378.0,-148.0,2.57349991,47949.0,17560.0,0.034
112,HARLEM PARK,583.0,14.0,156.0,125.0,0.0,13.0,38.0,62.0,582.0,765,1978,1582.0,396.0,267.0,3654.0,43.0,3524.0,7.0,22.0,0.0,6.0,52.0,29.0,1747.0,1907.0,715.0,11704.9641194,-1065.0,-320.0,2.25205993,24927.0,655.0,0.018
113,HARWOOD,21.0,14.0,3.0,1.0,0.0,6.0,0.0,0.0,21.0,33,741,733.0,8.0,4.0,1575.0,324.0,1174.0,5.0,25.0,0.0,10.0,37.0,44.0,717.0,858.0,331.0,22204.5176238,-208.0,1.0,2.75439,60670.0,19295.0,0.044
114,HAWKINS POINT,0.0,0.0,10.0,0.0,0.0,0.0,0.0,0.0,0.0,10,120,108.0,12.0,2.0,0.0,0.0,0.0,0.0,0.0,0.0,0.0,0.0,0.0,0.0,0.0,0.0,0.0,0.0,0.0,0.0,1.0,-17499.0,
115,HERITAGE CROSSING,2.0,0.0,0.0,0.0,0.0,0.0,0.0,0.0,2.0,2,242,238.0,4.0,,1029.0,30.0,958.0,2.0,17.0,0.0,5.0,17.0,25.0,428.0,601.0,254.0,12080.0659703,629.0,244.0,2.35469007,,,
116,HERRING RUN PARK,0.0,0.0,0.0,0.0,0.0,0.0,0.0,0.0,0.0,0,2,,2.0,,0.0,0.0,0.0,0.0,0.0,0.0,0.0,0.0,0.0,0.0,0.0,0.0,0.0,0.0,0.0,0.0,84160.0,22016.0,
117,HIGHLANDTOWN,15.0,8.0,0.0,0.0,0.0,5.0,0.0,0.0,15.0,18,1384,1380.0,4.0,,2666.0,1779.0,336.0,25.0,36.0,0.0,396.0,94.0,750.0,1414.0,1252.0,534.0,18760.2877308,-155.0,-73.0,2.46982002,85149.0,28989.0,0.021
118,HILLEN,8.0,0.0,0.0,0.0,0.0,0.0,0.0,0.0,8.0,8,976,976.0,,,2344.0,110.0,2178.0,2.0,10.0,0.0,10.0,34.0,24.0,1085.0,1259.0,584.0,13893.781802,-328.0,-84.0,2.61023998,55545.0,-87.0,
119,HOES HEIGHTS,1.0,0.0,12.0,0.0,0.0,0.0,0.0,0.0,1.0,13,464,450.0,14.0,11.0,865.0,626.0,145.0,4.0,56.0,2.0,8.0,24.0,28.0,421.0,444.0,209.0,11157.1733356,-69.0,-11.0,2.02102994,75645.0,12728.0,0.03
120,HOLABIRD INDUSTRIAL PARK,0.0,0.0,0.0,0.0,0.0,0.0,0.0,0.0,0.0,0,105,94.0,11.0,,0.0,0.0,0.0,0.0,0.0,0.0,0.0,0.0,0.0,0.0,0.0,0.0,0.0,0.0,0.0,0.0,32197.0,-7366.0,
121,HOLLINS MARKET,54.0,4.0,18.0,8.0,0.0,3.0,0.0,6.0,54.0,75,1086,1053.0,33.0,20.0,1838.0,561.0,1169.0,6.0,39.0,1.0,21.0,41.0,53.0,947.0,891.0,343.0,17184.872841,-212.0,1.0,2.1547501,45377.0,2008.0,0.08
122,HOMELAND,1.0,3.0,1.0,0.0,0.0,1.0,0.0,0.0,1.0,4,1123,1121.0,2.0,1.0,3201.0,2782.0,232.0,5.0,116.0,0.0,18.0,48.0,80.0,1558.0,1643.0,827.0,5198.64609599,113.0,8.0,2.6098001,120195.0,18471.0,0.049
123,HOPKINS BAYVIEW,0.0,0.0,0.0,0.0,0.0,0.0,0.0,0.0,0.0,0,49,41.0,8.0,,103.0,53.0,32.0,0.0,8.0,0.0,9.0,1.0,15.0,46.0,57.0,11.0,248.0192095,-355.0,-99.0,2.40000009,62782.0,20132.0,
124,HOWARD PARK,29.0,6.0,21.0,0.0,0.0,2.0,0.0,0.0,29.0,54,2110,2084.0,26.0,21.0,5929.0,174.0,5588.0,16.0,19.0,0.0,36.0,96.0,104.0,2737.0,3192.0,1438.0,5606.72051356,-189.0,43.0,2.51777005,71315.0,27394.0,0.082
125,HUNTING RIDGE,3.0,0.0,1.0,0.0,0.0,0.0,0.0,0.0,3.0,4,462,455.0,7.0,1.0,1296.0,365.0,882.0,3.0,4.0,1.0,5.0,36.0,25.0,613.0,683.0,349.0,4949.81936793,125.0,46.0,2.30194997,80084.0,33386.0,0.022
126,IDLEWOOD,5.0,0.0,3.0,0.0,0.0,0.0,0.0,0.0,5.0,8,1044,1041.0,3.0,3.0,2676.0,349.0,2228.0,1.0,25.0,1.0,23.0,49.0,65.0,1200.0,1476.0,700.0,12865.0766365,-34.0,4.0,2.46217989,68798.0,11133.0,0.062
127,INNER HARBOR,0.0,0.0,0.0,0.0,0.0,0.0,0.0,0.0,0.0,0,1804,1770.0,34.0,,1484.0,1144.0,125.0,2.0,158.0,0.0,22.0,33.0,81.0,758.0,726.0,317.0,6147.42658185,843.0,502.0,1.58677005,109187.0,37279.0,
128,IRVINGTON,47.0,13.0,22.0,2.0,0.0,9.0,1.0,0.0,47.0,74,1300,1270.0,30.0,23.0,4167.0,429.0,3593.0,22.0,13.0,1.0,12.0,97.0,55.0,1863.0,2304.0,983.0,4688.07101131,-234.0,-103.0,2.60595989,48398.0,7182.0,0.066
129,JOHNS HOPKINS HOMEWOOD,0.0,0.0,1.0,0.0,0.0,0.0,0.0,0.0,0.0,1,5,2.0,3.0,1.0,669.0,394.0,28.0,1.0,203.0,1.0,9.0,33.0,41.0,364.0,305.0,4.0,2608.18357943,-1302.0,0.0,2.0,61398.0,13278.0,0.125
130,JOHNSTON SQUARE,161.0,6.0,174.0,3.0,3.0,4.0,0.0,2.0,161.0,335,1204,808.0,396.0,252.0,1906.0,36.0,1831.0,7.0,3.0,0.0,11.0,18.0,20.0,867.0,1039.0,452.0,11154.1857041,-821.0,-174.0,2.40352988,41799.0,10152.0,0.099
131,JONES FALLS AREA,0.0,0.0,5.0,0.0,0.0,0.0,0.0,0.0,0.0,5,47,27.0,20.0,5.0,0.0,0.0,0.0,0.0,0.0,0.0,0.0,0.0,0.0,0.0,0.0,0.0,0.0,0.0,0.0,0.0,80888.0,34121.0,
132,JONESTOWN,14.0,4.0,2.0,0.0,0.0,4.0,0.0,0.0,14.0,16,450,432.0,18.0,2.0,1367.0,318.0,918.0,8.0,67.0,0.0,21.0,35.0,63.0,786.0,581.0,228.0,10166.6275177,814.0,308.0,2.50656008,26690.0,-14504.0,0.029
133,KENILWORTH PARK,5.0,3.0,3.0,1.0,0.0,1.0,0.0,0.0,5.0,11,437,430.0,7.0,4.0,1206.0,25.0,1167.0,1.0,2.0,0.0,3.0,8.0,10.0,546.0,660.0,325.0,8315.42018599,-176.0,-47.0,2.44129991,40125.0,493.0,0.167
135,KERNEWOOD,7.0,5.0,1.0,0.0,0.0,4.0,0.0,0.0,7.0,9,223,222.0,1.0,1.0,726.0,326.0,354.0,0.0,19.0,0.0,12.0,15.0,20.0,330.0,396.0,166.0,10089.3991804,203.0,45.0,2.75,91083.0,30505.0,0.018
136,KESWICK,0.0,0.0,0.0,0.0,0.0,0.0,0.0,0.0,0.0,0,379,375.0,4.0,,650.0,553.0,42.0,0.0,39.0,0.0,0.0,16.0,13.0,294.0,356.0,181.0,8127.74761251,26.0,0.0,2.07667994,115781.0,38750.0,
137,KRESSON,8.0,0.0,1.0,0.0,0.0,0.0,0.0,0.0,8.0,9,251,249.0,2.0,1.0,440.0,201.0,116.0,2.0,13.0,0.0,97.0,11.0,145.0,247.0,193.0,86.0,1642.13775517,43.0,16.0,2.8947401,84562.0,54498.0,
138,LAKE EVESHAM,1.0,0.0,1.0,0.0,0.0,0.0,0.0,0.0,1.0,2,208,207.0,1.0,1.0,543.0,427.0,90.0,2.0,5.0,0.0,3.0,16.0,11.0,275.0,268.0,123.0,7638.20983542,60.0,1.0,2.38158011,113834.0,29806.0,
139,LAKE WALKER,1.0,2.0,2.0,1.0,0.0,1.0,0.0,0.0,1.0,5,606,603.0,3.0,3.0,2095.0,1063.0,762.0,3.0,89.0,5.0,119.0,54.0,183.0,955.0,1140.0,419.0,10322.495743,10.0,-97.0,1.96977996,72994.0,32691.0,0.015
140,LAKELAND,29.0,6.0,5.0,1.0,0.0,3.0,0.0,0.0,28.0,38,1443,1424.0,19.0,6.0,4551.0,1370.0,2509.0,12.0,132.0,3.0,421.0,104.0,889.0,2289.0,2262.0,1069.0,8303.39480187,271.0,47.0,2.87792992,43066.0,-4563.0,0.034
141,LANGSTON HUGHES,59.0,2.0,11.0,7.0,0.0,2.0,3.0,2.0,59.0,72,439,417.0,22.0,20.0,1036.0,9.0,1006.0,0.0,0.0,0.0,8.0,13.0,12.0,492.0,544.0,236.0,17131.9684654,-132.0,-48.0,3.12048006,31765.0,-14977.0,0.061
142,LAURAVILLE,14.0,3.0,23.0,0.0,0.0,2.0,0.0,0.0,14.0,38,1519,1489.0,30.0,23.0,4151.0,1698.0,2222.0,22.0,52.0,1.0,47.0,109.0,120.0,1930.0,2221.0,944.0,7019.96163541,-224.0,-78.0,2.58811998,84048.0,29493.0,0.011
143,LEVINDALE,3.0,1.0,3.0,0.0,0.0,1.0,0.0,0.0,3.0,6,251,247.0,4.0,3.0,1218.0,180.0,1018.0,5.0,1.0,0.0,0.0,14.0,10.0,564.0,654.0,197.0,8239.65943807,-21.0,-2.0,1.89249002,31380.0,11170.0,0.098
144,LIBERTY SQUARE,14.0,3.0,4.0,0.0,0.0,2.0,0.0,0.0,14.0,19,165,159.0,6.0,4.0,770.0,9.0,740.0,1.0,2.0,0.0,9.0,9.0,3.0,323.0,447.0,174.0,6580.01691402,9.0,55.0,2.07546997,33750.0,18088.0,0.067
145,LITTLE ITALY,6.0,0.0,0.0,0.0,0.0,0.0,0.0,0.0,6.0,6,368,363.0,5.0,,576.0,494.0,21.0,0.0,21.0,0.0,21.0,19.0,50.0,300.0,276.0,105.0,11512.310429,23.0,35.0,1.78882002,55724.0,7707.0,0.016
146,LOCH RAVEN,7.0,0.0,3.0,0.0,0.0,0.0,0.0,0.0,7.0,10,1464,1457.0,7.0,3.0,6163.0,505.0,5422.0,4.0,120.0,0.0,22.0,90.0,110.0,2557.0,3606.0,1401.0,10803.7672261,133.0,92.0,2.10747003,50067.0,1544.0,0.036
147,LOCUST POINT,1.0,0.0,1.0,0.0,0.0,0.0,0.0,0.0,1.0,2,1473,1453.0,20.0,1.0,2138.0,2019.0,27.0,7.0,53.0,1.0,10.0,21.0,37.0,1081.0,1057.0,461.0,15919.5955366,209.0,151.0,2.03823995,139730.0,52907.0,0.5
148,LOCUST POINT INDUSTRIAL AREA,0.0,0.0,0.0,0.0,0.0,0.0,0.0,0.0,0.0,0,232,222.0,10.0,,642.0,547.0,33.0,1.0,31.0,0.0,9.0,21.0,23.0,336.0,306.0,159.0,804.35471514,565.0,260.0,2.20414996,135125.0,42896.0,
149,LOWER EDMONDSON VILLAGE,23.0,3.0,10.0,0.0,0.0,2.0,0.0,0.0,23.0,34,232,222.0,10.0,10.0,446.0,0.0,442.0,0.0,0.0,0.0,0.0,4.0,3.0,188.0,258.0,100.0,19746.624162,-34.0,-33.0,3.32836008,34595.0,-14398.0,0.04
150,LOWER HERRING RUN PARK,0.0,0.0,2.0,0.0,0.0,0.0,0.0,0.0,0.0,2,9,,9.0,2.0,0.0,0.0,0.0,0.0,0.0,0.0,0.0,0.0,0.0,0.0,0.0,0.0,0.0,0.0,0.0,0.0,46715.0,-1038.0,0.117
151,LOYOLA/NOTRE DAME,0.0,0.0,0.0,0.0,0.0,0.0,0.0,0.0,0.0,0,31,30.0,1.0,,3208.0,2780.0,188.0,7.0,108.0,1.0,40.0,84.0,158.0,1195.0,2013.0,13.0,10665.5576581,-864.0,-481.0,2.66667008,250000.0,-1.0,
152,LUCILLE PARK,41.0,0.0,14.0,16.0,0.0,0.0,2.0,13.0,41.0,56,272,253.0,19.0,17.0,567.0,9.0,548.0,3.0,1.0,0.0,0.0,6.0,5.0,301.0,266.0,110.0,5409.76194567,51.0,-1.0,3.05660009,32567.0,-4411.0,0.01
153,MADISON PARK,16.0,3.0,10.0,0.0,0.0,2.0,0.0,0.0,16.0,27,322,306.0,16.0,12.0,2134.0,305.0,1730.0,8.0,31.0,2.0,9.0,49.0,38.0,986.0,1148.0,403.0,13414.1842004,-6.0,-55.0,1.98837995,22209.0,814.0,0.036
154,MADISON-EASTEND,117.0,2.0,1.0,1.0,0.0,1.0,0.0,1.0,117.0,119,918,915.0,3.0,2.0,2487.0,54.0,2371.0,10.0,6.0,0.0,15.0,31.0,53.0,1141.0,1346.0,599.0,23846.2791761,30.0,1.0,3.31903004,33650.0,-5481.0,0.25
155,MAYFIELD,1.0,0.0,0.0,0.0,0.0,0.0,0.0,0.0,1.0,1,369,369.0,,,861.0,638.0,166.0,1.0,17.0,0.0,3.0,36.0,24.0,404.0,457.0,224.0,6621.6436321,-95.0,-15.0,2.41525006,99500.0,35913.0,0.023
156,MCELDERRY PARK,226.0,14.0,11.0,3.0,0.0,9.0,0.0,3.0,226.0,242,1818,1794.0,24.0,14.0,4033.0,382.0,3238.0,33.0,48.0,0.0,190.0,142.0,473.0,1916.0,2117.0,877.0,31890.6680099,-426.0,-156.0,3.43857002,54519.0,19545.0,0.077
157,MEDFIELD,0.0,0.0,6.0,0.0,0.0,0.0,0.0,0.0,0.0,6,1254,1240.0,14.0,5.0,2748.0,2074.0,337.0,7.0,216.0,0.0,48.0,66.0,113.0,1323.0,1425.0,634.0,10561.277269,-12.0,-8.0,2.07083988,56250.0,3025.0,0.025
158,MEDFORD,3.0,0.0,1.0,0.0,0.0,0.0,0.0,0.0,3.0,4,352,349.0,3.0,1.0,1412.0,664.0,379.0,16.0,35.0,2.0,251.0,65.0,423.0,721.0,691.0,317.0,9168.29518053,229.0,24.0,2.44290995,28289.0,8143.0,0.012
159,MID-GOVANS,16.0,7.0,2.0,0.0,0.0,3.0,0.0,0.0,16.0,22,574,568.0,6.0,2.0,1465.0,135.0,1271.0,2.0,21.0,0.0,1.0,35.0,18.0,661.0,804.0,352.0,11370.9227161,-75.0,-47.0,2.84570002,43458.0,-9434.0,0.072
160,MID-TOWN BELVEDERE,5.0,0.0,4.0,0.0,0.0,0.0,0.0,0.0,5.0,9,1797,1787.0,10.0,4.0,3830.0,2298.0,1001.0,17.0,329.0,0.0,39.0,146.0,178.0,1957.0,1873.0,365.0,17337.8239361,636.0,325.0,1.44471001,39630.0,5776.0,0.016
161,MIDDLE BRANCH/REEDBIRD PARKS,0.0,0.0,2.0,0.0,0.0,0.0,0.0,0.0,0.0,2,19,6.0,13.0,2.0,0.0,0.0,0.0,0.0,0.0,0.0,0.0,0.0,0.0,0.0,0.0,0.0,0.0,0.0,0.0,0.0,41800.0,6910.0,
162,MIDDLE EAST,129.0,25.0,59.0,3.0,0.0,20.0,0.0,2.0,129.0,194,1277,908.0,369.0,60.0,1484.0,54.0,1408.0,2.0,6.0,0.0,8.0,6.0,26.0,667.0,817.0,313.0,7494.42229724,-2069.0,-518.0,2.33438992,34865.0,-4713.0,0.051
163,MIDTOWN-EDMONDSON,370.0,6.0,31.0,26.0,0.0,6.0,10.0,13.0,370.0,404,1167,1065.0,102.0,70.0,1663.0,19.0,1623.0,1.0,1.0,0.0,5.0,14.0,7.0,807.0,856.0,382.0,11118.8898587,-665.0,-255.0,3.0569899,28145.0,-2478.0,0.021
164,MILLHILL,139.0,4.0,15.0,5.0,0.0,4.0,0.0,5.0,137.0,154,796,780.0,16.0,12.0,1787.0,711.0,917.0,8.0,36.0,1.0,54.0,60.0,93.0,846.0,941.0,374.0,8517.81061801,-63.0,-34.0,2.65922999,44948.0,14879.0,0.03
165,MILTON-MONTFORD,102.0,11.0,23.0,3.0,1.0,4.0,1.0,2.0,102.0,131,807,733.0,74.0,24.0,1391.0,21.0,1305.0,9.0,10.0,0.0,23.0,23.0,39.0,623.0,768.0,315.0,24495.4721484,-156.0,-63.0,3.34375,39578.0,18794.0,0.029
166,MONDAWMIN,324.0,1.0,12.0,3.0,0.0,1.0,2.0,1.0,323.0,336,1389,1343.0,46.0,20.0,3512.0,41.0,3374.0,13.0,13.0,2.0,14.0,55.0,51.0,1488.0,2024.0,643.0,9175.18081482,-44.0,-170.0,2.5301299,30484.0,2553.0,0.052
167,MONTEBELLO,0.0,0.0,0.0,0.0,0.0,0.0,0.0,0.0,0.0,0,18,15.0,3.0,,117.0,19.0,84.0,0.0,1.0,0.0,8.0,5.0,8.0,53.0,64.0,7.0,252.06683566,-361.0,-2.0,2.625,78594.0,16524.0,
168,MORAVIA-WALTHER,1.0,0.0,3.0,0.0,0.0,0.0,0.0,0.0,1.0,4,421,418.0,3.0,3.0,999.0,375.0,582.0,3.0,5.0,0.0,3.0,31.0,21.0,473.0,526.0,256.0,7625.14614876,-79.0,-5.0,2.42543005,71188.0,13323.0,0.034
169,MORGAN PARK,0.0,0.0,1.0,0.0,0.0,0.0,0.0,0.0,0.0,1,146,145.0,1.0,1.0,256.0,3.0,243.0,0.0,0.0,0.0,0.0,10.0,1.0,113.0,143.0,69.0,3525.64840891,0.0,0.0,2.24560999,68083.0,12218.0,0.043
170,MORGAN STATE UNIVERSITY,0.0,0.0,1.0,0.0,0.0,0.0,0.0,0.0,0.0,1,12,6.0,6.0,1.0,1790.0,48.0,1698.0,2.0,14.0,1.0,0.0,27.0,5.0,769.0,1021.0,9.0,6786.32002667,1790.0,25.0,2.27999997,53864.0,1325.0,0.015
171,MORRELL PARK,46.0,7.0,4.0,0.0,0.0,4.0,0.0,0.0,46.0,53,1940,1908.0,32.0,4.0,4204.0,3208.0,586.0,26.0,132.0,9.0,114.0,129.0,217.0,2058.0,2146.0,977.0,5012.92782167,49.0,0.0,2.49052,45561.0,-6624.0,0.027
172,MOSHER,206.0,1.0,37.0,6.0,0.0,1.0,1.0,4.0,206.0,244,888,812.0,76.0,50.0,1589.0,15.0,1542.0,7.0,4.0,0.0,0.0,21.0,17.0,701.0,888.0,387.0,13785.7784128,-420.0,-120.0,2.86679005,1.0,28136.0,0.135
173,MOUNT HOLLY,41.0,1.0,11.0,0.0,1.0,0.0,0.0,0.0,41.0,52,423,401.0,22.0,14.0,1279.0,21.0,1238.0,0.0,2.0,0.0,5.0,13.0,14.0,656.0,623.0,283.0,10321.1282764,-381.0,-122.0,2.48283004,29280.0,-1111.0,0.086
174,MOUNT VERNON,6.0,0.0,4.0,0.0,1.0,0.0,0.0,0.0,6.0,9,1226,1203.0,23.0,3.0,4818.0,2842.0,1257.0,12.0,458.0,3.0,67.0,179.0,229.0,2379.0,2439.0,424.0,21256.4020821,299.0,322.0,1.36545002,39229.0,6412.0,0.04
175,MOUNT WASHINGTON,6.0,0.0,13.0,0.0,0.0,0.0,0.0,0.0,6.0,19,1647,1618.0,29.0,13.0,3878.0,2804.0,822.0,11.0,81.0,3.0,37.0,120.0,107.0,1760.0,2118.0,1001.0,3124.79731984,-2.0,-15.0,2.30079007,98736.0,16648.0,0.012
176,MOUNT WINANS,14.0,0.0,15.0,6.0,0.0,0.0,0.0,3.0,14.0,32,393,333.0,60.0,18.0,748.0,21.0,709.0,3.0,3.0,0.0,0.0,12.0,15.0,323.0,425.0,192.0,9769.22646614,-282.0,-57.0,2.61538004,20000.0,-21810.0,0.086
177,MT PLEASANT PARK,0.0,0.0,0.0,0.0,0.0,0.0,0.0,0.0,0.0,0,7,1.0,6.0,,0.0,0.0,0.0,0.0,0.0,0.0,0.0,0.0,0.0,0.0,0.0,0.0,0.0,0.0,0.0,0.0,50920.0,3934.0,
178,NEW NORTHWOOD,5.0,1.0,0.0,0.0,0.0,0.0,0.0,0.0,5.0,6,1245,1242.0,3.0,,4972.0,134.0,4677.0,7.0,30.0,1.0,46.0,77.0,102.0,2272.0,2700.0,1174.0,15494.6800474,-2028.0,-69.0,2.39123988,62803.0,13278.0,0.045
179,NEW SOUTHWEST/MOUNT CLARE,269.0,12.0,17.0,12.0,0.0,7.0,4.0,5.0,268.0,294,1210,1170.0,40.0,32.0,2313.0,764.0,1190.0,27.0,67.0,0.0,165.0,100.0,267.0,1143.0,1170.0,456.0,19561.9790285,-80.0,-71.0,2.94007992,24493.0,-8858.0,0.087
180,NORTH HARFORD ROAD,15.0,3.0,8.0,0.0,0.0,3.0,0.0,0.0,15.0,23,2242,2233.0,9.0,8.0,5380.0,3437.0,1672.0,13.0,50.0,2.0,99.0,107.0,251.0,2583.0,2797.0,1352.0,8406.77716406,102.0,-34.0,2.42188,68223.0,5585.0,0.022
181,NORTH ROLAND PARK/POPLAR HILL,0.0,0.0,3.0,0.0,0.0,0.0,0.0,0.0,0.0,3,478,468.0,10.0,3.0,1450.0,992.0,169.0,1.0,262.0,0.0,1.0,25.0,19.0,708.0,742.0,364.0,2364.92526665,196.0,33.0,2.33871006,140062.0,8949.0,
182,NORTHWEST COMMUNITY ACTION,190.0,0.0,13.0,0.0,0.0,0.0,0.0,0.0,190.0,203,778,751.0,27.0,19.0,1896.0,18.0,1823.0,5.0,0.0,0.0,3.0,47.0,25.0,846.0,1050.0,415.0,16351.0475468,-184.0,-85.0,2.99025988,38758.0,9744.0,0.107
183,O'DONNELL HEIGHTS,0.0,0.0,0.0,0.0,0.0,0.0,0.0,0.0,0.0,0,28,28.0,,,763.0,80.0,653.0,1.0,0.0,0.0,6.0,23.0,37.0,273.0,490.0,206.0,4832.1419006,-1311.0,-416.0,2.77454996,22960.0,5764.0,0.076
184,OAKENSHAWE,5.0,3.0,0.0,0.0,0.0,2.0,0.0,0.0,5.0,6,535,530.0,5.0,,1144.0,823.0,130.0,2.0,134.0,1.0,18.0,36.0,50.0,604.0,540.0,180.0,18302.0420396,65.0,6.0,2.2653501,96419.0,32044.0,
185,OAKLEE,0.0,0.0,0.0,0.0,0.0,0.0,0.0,0.0,0.0,0,159,159.0,,,754.0,445.0,241.0,4.0,27.0,1.0,12.0,24.0,41.0,364.0,390.0,163.0,18505.1794228,1.0,-22.0,1.96353995,60787.0,11620.0,0.048
186,OLD GOUCHER,2.0,0.0,0.0,0.0,0.0,0.0,0.0,0.0,2.0,2,173,172.0,1.0,,1046.0,235.0,711.0,6.0,38.0,4.0,19.0,33.0,45.0,593.0,453.0,83.0,18057.8429965,470.0,98.0,1.61627995,31252.0,13926.0,0.189
187,OLDTOWN,46.0,1.0,46.0,0.0,0.0,1.0,0.0,0.0,46.0,92,508,410.0,98.0,54.0,2658.0,35.0,2535.0,2.0,38.0,1.0,3.0,44.0,11.0,1068.0,1590.0,632.0,15879.9328795,-883.0,-401.0,2.24809002,15724.0,2733.0,0.127
188,OLIVER,473.0,23.0,164.0,86.0,0.0,18.0,11.0,44.0,473.0,673,2578,2107.0,471.0,264.0,4153.0,55.0,4016.0,6.0,11.0,1.0,8.0,56.0,39.0,1896.0,2257.0,932.0,15795.0172638,-1320.0,-359.0,2.60778999,36150.0,10636.0,0.077
189,ORANGEVILLE,6.0,0.0,1.0,0.0,0.0,0.0,0.0,0.0,6.0,7,879,873.0,6.0,2.0,202.0,145.0,25.0,2.0,1.0,1.0,17.0,11.0,23.0,99.0,103.0,44.0,546.65916693,-80.0,1.0,2.35294008,51339.0,17991.0,
190,ORANGEVILLE INDUSTRIAL AREA,2.0,0.0,0.0,0.0,0.0,0.0,0.0,0.0,2.0,2,59,52.0,7.0,,0.0,0.0,0.0,0.0,0.0,0.0,0.0,0.0,0.0,0.0,0.0,0.0,0.0,0.0,0.0,0.0,43577.0,18810.0,
191,ORCHARD RIDGE,0.0,0.0,0.0,0.0,0.0,0.0,0.0,0.0,0.0,0,172,171.0,1.0,,546.0,44.0,475.0,9.0,2.0,0.0,7.0,9.0,18.0,216.0,330.0,142.0,1966.96041383,-1154.0,-473.0,2.45946002,31804.0,8994.0,0.063
192,ORIGINAL NORTHWOOD,0.0,0.0,2.0,0.0,0.0,0.0,0.0,0.0,0.0,2,435,433.0,2.0,2.0,1241.0,465.0,684.0,7.0,14.0,1.0,25.0,45.0,55.0,645.0,596.0,280.0,7197.1466514,1.0,17.0,2.18146991,91445.0,38570.0,0.019
193,OTTERBEIN,0.0,0.0,4.0,0.0,0.0,0.0,0.0,0.0,0.0,4,643,632.0,11.0,4.0,1823.0,1406.0,282.0,8.0,78.0,4.0,19.0,26.0,50.0,826.0,997.0,336.0,17782.3512566,-402.0,-59.0,1.56885004,94056.0,35728.0,
194,OVERLEA,2.0,0.0,2.0,0.0,0.0,0.0,0.0,0.0,2.0,4,303,298.0,5.0,2.0,774.0,506.0,235.0,3.0,6.0,0.0,13.0,11.0,21.0,381.0,393.0,174.0,2543.50395506,63.0,14.0,2.52862,68162.0,17943.0,
195,PANWAY/BRADDISH AVENUE,16.0,5.0,2.0,0.0,0.0,4.0,0.0,0.0,16.0,19,523,520.0,3.0,2.0,1221.0,10.0,1197.0,1.0,0.0,2.0,0.0,11.0,4.0,508.0,713.0,313.0,15046.5096757,-21.0,-33.0,2.40827989,45188.0,12269.0,0.017
196,PARK CIRCLE,192.0,15.0,84.0,38.0,1.0,12.0,5.0,26.0,192.0,286,1120,990.0,130.0,117.0,3153.0,65.0,3006.0,10.0,9.0,1.0,21.0,41.0,44.0,1463.0,1690.0,652.0,10152.7579256,-680.0,-174.0,2.44566988,24891.0,-4938.0,0.105
197,PARKLANE,25.0,4.0,12.0,3.0,0.0,4.0,0.0,0.0,25.0,40,597,575.0,22.0,16.0,2049.0,46.0,1967.0,9.0,7.0,0.0,4.0,16.0,20.0,905.0,1144.0,509.0,16543.0087714,-80.0,-37.0,2.7246201,39297.0,-2785.0,0.132
198,PARKSIDE,3.0,0.0,1.0,0.0,0.0,0.0,0.0,0.0,3.0,4,757,754.0,3.0,1.0,2683.0,281.0,2231.0,10.0,88.0,0.0,14.0,59.0,28.0,1261.0,1422.0,694.0,22834.0669443,134.0,40.0,2.41059994,40948.0,3743.0,0.019
199,PARKVIEW/WOODBROOK,137.0,28.0,1.0,1.0,0.0,25.0,1.0,0.0,135.0,141,770,765.0,5.0,3.0,1981.0,35.0,1889.0,3.0,3.0,0.0,9.0,42.0,25.0,924.0,1057.0,407.0,20101.9805228,-353.0,-144.0,2.61059999,29940.0,5534.0,0.066
200,PATTERSON PARK,0.0,0.0,0.0,0.0,0.0,0.0,0.0,0.0,0.0,0,5,2.0,3.0,,0.0,0.0,0.0,0.0,0.0,0.0,0.0,0.0,0.0,0.0,0.0,0.0,0.0,0.0,0.0,0.0,124225.0,60686.0,
201,PATTERSON PARK NEIGHBORHOOD,33.0,6.0,0.0,0.0,0.0,3.0,0.0,0.0,33.0,36,2458,2458.0,,,5820.0,2904.0,1682.0,108.0,143.0,2.0,774.0,207.0,1624.0,2957.0,2863.0,1152.0,34452.8113236,-135.0,28.0,2.76897001,75526.0,24797.0,0.058
202,PATTERSON PLACE,4.0,1.0,2.0,0.0,0.0,1.0,0.0,0.0,4.0,6,550,544.0,6.0,2.0,1165.0,558.0,413.0,14.0,32.0,1.0,114.0,33.0,270.0,602.0,563.0,223.0,30651.7870622,-61.0,-8.0,2.68518996,71757.0,18479.0,0.029
203,PEN LUCY,34.0,5.0,12.0,1.0,0.0,3.0,0.0,1.0,34.0,48,902,884.0,18.0,12.0,3078.0,152.0,2838.0,16.0,4.0,3.0,20.0,45.0,43.0,1383.0,1695.0,680.0,17939.4508092,-184.0,-62.0,2.43440008,34030.0,5629.0,0.044
205,PENN NORTH,315.0,3.0,38.0,42.0,0.0,3.0,5.0,15.0,315.0,375,1204,1063.0,141.0,79.0,1846.0,19.0,1780.0,3.0,5.0,0.0,4.0,35.0,10.0,849.0,997.0,392.0,13653.6800368,-496.0,-164.0,2.69095993,29361.0,6529.0,0.043
206,PENN-FALLSWAY,1.0,0.0,1.0,0.0,0.0,0.0,0.0,0.0,1.0,2,45,32.0,13.0,1.0,6423.0,967.0,5374.0,5.0,9.0,3.0,52.0,13.0,147.0,5866.0,557.0,0.0,47767.6694277,0.0,0.0,1.0,13197.0,-973.0,0.101
207,PENROSE/FAYETTE STREET OUTREACH,358.0,4.0,22.0,17.0,0.0,4.0,7.0,2.0,358.0,388,1646,1587.0,59.0,42.0,3266.0,41.0,3167.0,11.0,2.0,0.0,4.0,41.0,22.0,1554.0,1712.0,737.0,9253.97836011,-542.0,-132.0,2.77256989,30728.0,-1072.0,0.108
208,PERKINS HOMES,1.0,0.0,0.0,0.0,0.0,0.0,0.0,0.0,1.0,1,9,9.0,,,1649.0,26.0,1584.0,12.0,0.0,0.0,5.0,22.0,16.0,645.0,1004.0,411.0,44491.2210205,95.0,-44.0,2.68566989,18849.0,10602.0,0.244
209,PERRING LOCH,1.0,0.0,0.0,0.0,0.0,0.0,0.0,0.0,1.0,1,1160,1156.0,4.0,,3014.0,116.0,2839.0,6.0,9.0,0.0,9.0,35.0,28.0,1327.0,1687.0,797.0,13781.6293644,-108.0,32.0,2.68148994,63890.0,7202.0,0.03
210,PIMLICO GOOD NEIGHBORS,23.0,2.0,5.0,1.0,0.0,1.0,0.0,1.0,23.0,29,457,448.0,9.0,5.0,1102.0,30.0,1048.0,0.0,3.0,0.0,12.0,9.0,12.0,517.0,585.0,248.0,3726.70149703,-67.0,-37.0,2.41870999,72554.0,14843.0,0.8
211,PLEASANT VIEW GARDENS,2.0,2.0,0.0,0.0,0.0,2.0,0.0,0.0,2.0,2,40,39.0,1.0,,713.0,7.0,699.0,1.0,0.0,0.0,2.0,4.0,4.0,266.0,447.0,176.0,15499.9540726,-262.0,-61.0,2.15407991,14740.0,-130.0,0.07
212,POPPLETON,62.0,3.0,219.0,4.0,1.0,2.0,1.0,2.0,62.0,282,1063,687.0,376.0,237.0,3105.0,74.0,2980.0,8.0,4.0,0.0,8.0,31.0,25.0,1388.0,1717.0,674.0,17046.6626935,-146.0,-27.0,2.33729004,19921.0,4689.0,0.104
213,PORT COVINGTON,0.0,0.0,2.0,0.0,0.0,0.0,0.0,0.0,0.0,2,48,41.0,7.0,2.0,0.0,0.0,0.0,0.0,0.0,0.0,0.0,0.0,0.0,0.0,0.0,0.0,0.0,0.0,0.0,0.0,106477.0,2.9,
214,PULASKI INDUSTRIAL AREA,2.0,0.0,5.0,0.0,0.0,0.0,0.0,0.0,2.0,7,323,294.0,29.0,4.0,123.0,76.0,25.0,0.0,1.0,0.0,16.0,5.0,27.0,62.0,61.0,30.0,62.5090736,41.0,19.0,2.23636007,61621.0,25019.0,0.027
215,PURNELL,0.0,0.0,1.0,0.0,0.0,0.0,0.0,0.0,0.0,1,4,3.0,1.0,1.0,849.0,26.0,809.0,3.0,5.0,0.0,2.0,4.0,8.0,366.0,483.0,214.0,21906.071274,152.0,59.0,2.61230993,1.0,-54705.0,
216,RADNOR-WINSTON,1.0,0.0,2.0,0.0,0.0,0.0,0.0,0.0,1.0,3,198,196.0,2.0,2.0,684.0,419.0,230.0,1.0,11.0,0.0,5.0,18.0,22.0,312.0,372.0,150.0,8703.59402897,81.0,-30.0,2.54585003,49958.0,10594.0,0.02
217,RAMBLEWOOD,5.0,0.0,1.0,0.0,0.0,0.0,0.0,0.0,5.0,6,674,672.0,2.0,1.0,1705.0,100.0,1568.0,3.0,10.0,0.0,0.0,24.0,9.0,776.0,929.0,449.0,10939.7014838,-315.0,-110.0,2.60702991,64351.0,15787.0,
218,REISTERSTOWN STATION,7.0,1.0,2.0,0.0,0.0,1.0,0.0,0.0,7.0,9,599,596.0,3.0,2.0,1968.0,131.0,1700.0,8.0,26.0,2.0,52.0,49.0,116.0,898.0,1070.0,483.0,4341.63504548,-23.0,8.0,2.32261991,37597.0,-4930.0,0.088
219,REMINGTON,10.0,3.0,6.0,0.0,0.0,0.0,0.0,0.0,10.0,19,1225,1214.0,11.0,6.0,2458.0,1440.0,643.0,8.0,213.0,0.0,63.0,91.0,113.0,1279.0,1179.0,463.0,10015.780656,157.0,100.0,2.29291009,80034.0,33066.0,
220,RESERVOIR HILL,69.0,25.0,40.0,5.0,3.0,17.0,0.0,2.0,68.0,117,1569,1509.0,60.0,38.0,6140.0,522.0,5415.0,30.0,22.0,0.0,23.0,128.0,112.0,2862.0,3278.0,1280.0,20157.167167,-761.0,-166.0,2.10606002,44465.0,8067.0,0.051
221,RICHNOR SPRINGS,9.0,6.0,1.0,0.0,0.0,3.0,0.0,0.0,9.0,13,324,320.0,4.0,1.0,676.0,6.0,649.0,8.0,2.0,0.0,0.0,11.0,2.0,288.0,388.0,164.0,20238.8004079,17.0,-6.0,2.64063,58233.0,39516.0,
222,RIDGELY'S DELIGHT,5.0,0.0,1.0,0.0,0.0,0.0,0.0,0.0,5.0,6,411,403.0,8.0,1.0,884.0,578.0,203.0,3.0,66.0,1.0,9.0,24.0,32.0,453.0,431.0,114.0,18021.9360179,-44.0,-5.0,2.125,69485.0,-9253.0,
223,RIVERSIDE,5.0,1.0,5.0,0.0,0.0,0.0,0.0,0.0,5.0,11,3102,3090.0,12.0,5.0,5671.0,5275.0,122.0,6.0,143.0,2.0,33.0,90.0,159.0,2847.0,2824.0,1096.0,19210.1731659,212.0,204.0,2.00921988,128124.0,34002.0,0.9
224,ROGNEL HEIGHTS,7.0,0.0,10.0,0.0,0.0,0.0,0.0,0.0,7.0,17,794,781.0,13.0,10.0,1695.0,20.0,1632.0,9.0,6.0,0.0,5.0,23.0,24.0,767.0,928.0,463.0,9975.16825135,-459.0,-114.0,2.52694988,65994.0,20132.0,0.065
225,ROLAND PARK,3.0,1.0,1.0,0.0,0.0,0.0,0.0,0.0,3.0,5,1601,1595.0,6.0,1.0,5269.0,4141.0,480.0,23.0,465.0,1.0,48.0,111.0,170.0,2427.0,2842.0,1062.0,5502.88867003,573.0,-61.0,2.21891999,122321.0,14335.0,0.01
226,ROSEBANK,2.0,0.0,1.0,0.0,0.0,0.0,0.0,0.0,2.0,3,233,231.0,2.0,1.0,394.0,191.0,175.0,4.0,4.0,0.0,2.0,18.0,8.0,181.0,213.0,85.0,5957.07686225,-47.0,-33.0,1.91175997,76540.0,9464.0,0.095
227,ROSEMONT,139.0,2.0,8.0,0.0,0.0,2.0,0.0,0.0,138.0,147,977,957.0,20.0,11.0,3102.0,17.0,3021.0,5.0,3.0,0.0,10.0,46.0,22.0,1452.0,1650.0,710.0,17809.7052154,-35.0,-88.0,3.00872993,35746.0,3506.0,0.131
228,ROSEMONT EAST,2.0,1.0,4.0,0.0,0.0,1.0,0.0,0.0,2.0,6,633,626.0,7.0,4.0,1871.0,724.0,1032.0,19.0,30.0,1.0,10.0,55.0,28.0,882.0,989.0,446.0,7421.9875533,-19.0,-43.0,2.3155899,64196.0,10778.0,
229,ROSEMONT HOMEOWNERS/TENANTS,94.0,0.0,5.0,2.0,0.0,0.0,2.0,0.0,93.0,99,643,627.0,16.0,15.0,1460.0,14.0,1413.0,3.0,0.0,0.0,9.0,21.0,11.0,679.0,781.0,335.0,23166.2078656,-284.0,-94.0,2.93359994,21923.0,-3974.0,0.081
230,SABINA-MATTFELDT,1.0,0.0,24.0,0.0,0.0,0.0,0.0,0.0,1.0,25,153,113.0,40.0,24.0,172.0,156.0,5.0,0.0,6.0,0.0,0.0,5.0,2.0,79.0,93.0,43.0,1455.841437,-21.0,-6.0,2.0,120500.0,8982.0,
231,SAINT AGNES,1.0,0.0,0.0,0.0,0.0,0.0,0.0,0.0,1.0,1,161,160.0,1.0,,671.0,325.0,322.0,5.0,4.0,0.0,5.0,10.0,12.0,307.0,364.0,88.0,8055.28347013,42.0,53.0,1.76923,38509.0,10621.0,0.022
232,SAINT HELENA,6.0,1.0,11.0,0.0,0.0,1.0,0.0,0.0,6.0,17,290,278.0,12.0,11.0,602.0,496.0,55.0,6.0,0.0,5.0,18.0,22.0,41.0,276.0,326.0,142.0,10616.1155161,62.0,16.0,2.61738991,32197.0,-7366.0,0.073
233,SAINT JOSEPHS,83.0,1.0,11.0,0.0,0.0,1.0,0.0,0.0,83.0,94,917,901.0,16.0,13.0,2032.0,35.0,1940.0,4.0,4.0,0.0,7.0,42.0,16.0,895.0,1137.0,517.0,14540.4320311,-237.0,-82.0,2.82222008,49113.0,4486.0,0.052
234,SAINT PAUL,5.0,0.0,52.0,0.0,0.0,0.0,0.0,0.0,5.0,57,191,125.0,66.0,52.0,107.0,98.0,6.0,0.0,0.0,0.0,0.0,3.0,3.0,55.0,52.0,23.0,1031.98584662,-61.0,-11.0,2.60976004,42159.0,958.0,0.054
235,SANDTOWN-WINCHESTER,755.0,15.0,394.0,169.0,10.0,7.0,36.0,106.0,751.0,1179,3914,3132.0,782.0,541.0,8534.0,95.0,8304.0,7.0,20.0,0.0,13.0,95.0,51.0,3747.0,4787.0,1901.0,20992.7262084,-720.0,-215.0,2.71535992,29094.0,3270.0,0.084
237,SETON BUSINESS PARK,0.0,0.0,0.0,0.0,0.0,0.0,0.0,0.0,0.0,0,42,35.0,7.0,,0.0,0.0,0.0,0.0,0.0,0.0,0.0,0.0,0.0,0.0,0.0,0.0,0.0,0.0,0.0,0.0,22991.0,-15.45,
238,SETON HILL,3.0,1.0,5.0,0.0,0.0,1.0,0.0,0.0,3.0,8,369,348.0,21.0,5.0,1249.0,168.0,1036.0,5.0,14.0,0.0,1.0,25.0,30.0,513.0,736.0,248.0,16753.006214,-116.0,19.0,1.90711998,31000.0,-361.0,0.048
239,SHARP-LEADENHALL,2.0,0.0,1.0,0.0,0.0,0.0,0.0,0.0,2.0,3,250,245.0,5.0,1.0,822.0,221.0,561.0,1.0,18.0,0.0,2.0,19.0,12.0,390.0,432.0,172.0,11901.6727092,34.0,40.0,2.3485701,82344.0,19323.0,0.04
240,SHIPLEY HILL,316.0,0.0,57.0,18.0,0.0,0.0,7.0,11.0,315.0,373,1280,1184.0,96.0,70.0,2110.0,56.0,2008.0,2.0,8.0,2.0,3.0,31.0,9.0,991.0,1119.0,487.0,11571.1173564,-344.0,-84.0,2.91436004,32974.0,1984.0,0.113
241,SOUTH BALTIMORE,10.0,0.0,2.0,0.0,0.0,0.0,0.0,0.0,10.0,12,1679,1675.0,4.0,2.0,3450.0,3070.0,195.0,9.0,69.0,1.0,47.0,59.0,138.0,1851.0,1599.0,558.0,26577.8807513,-443.0,29.0,2.16719007,103591.0,19743.0,0.8
242,SOUTH CLIFTON PARK,91.0,1.0,65.0,15.0,0.0,0.0,3.0,8.0,91.0,161,589,372.0,217.0,89.0,737.0,5.0,715.0,5.0,0.0,0.0,2.0,10.0,4.0,334.0,403.0,169.0,7809.23676145,-480.0,-124.0,2.91303992,40032.0,14458.0,0.145
243,SPRING GARDEN INDUSTRIAL AREA,0.0,0.0,1.0,0.0,0.0,0.0,0.0,0.0,0.0,1,71,58.0,13.0,1.0,0.0,0.0,0.0,0.0,0.0,0.0,0.0,0.0,0.0,0.0,0.0,0.0,0.0,0.0,0.0,0.0,100738.0,-4262.0,0.018
244,STADIUM AREA,0.0,0.0,0.0,0.0,0.0,0.0,0.0,0.0,0.0,0,7,7.0,,,0.0,0.0,0.0,0.0,0.0,0.0,0.0,0.0,0.0,0.0,0.0,0.0,0.0,0.0,0.0,0.0,72451.0,12342.0,
245,STONEWOOD-PENTWOOD-WINSTON,1.0,0.0,1.0,0.0,0.0,0.0,0.0,0.0,1.0,2,301,297.0,4.0,1.0,1405.0,147.0,1208.0,4.0,7.0,0.0,10.0,29.0,31.0,540.0,865.0,228.0,15063.7170801,555.0,6.0,2.66459989,52038.0,-1322.0,
246,TAYLOR HEIGHTS,0.0,0.0,0.0,0.0,0.0,0.0,0.0,0.0,0.0,0,164,164.0,,,365.0,268.0,67.0,4.0,9.0,0.0,13.0,4.0,28.0,187.0,178.0,93.0,1908.66603587,41.0,16.0,2.38562011,75114.0,25923.0,
247,TEN HILLS,1.0,1.0,1.0,0.0,0.0,0.0,0.0,0.0,1.0,3,338,333.0,5.0,1.0,1416.0,529.0,792.0,1.0,30.0,5.0,15.0,44.0,40.0,673.0,743.0,347.0,4249.75904743,-178.0,-36.0,2.18181991,61646.0,7392.0,0.6
248,THE ORCHARDS,0.0,0.0,0.0,0.0,0.0,0.0,0.0,0.0,0.0,0,205,205.0,,,494.0,433.0,32.0,2.0,19.0,0.0,1.0,7.0,9.0,241.0,253.0,154.0,2339.62684403,33.0,3.0,2.58639001,167464.0,18047.0,
249,TOWANDA-GRANTLEY,75.0,0.0,27.0,9.0,1.0,0.0,0.0,8.0,75.0,102,511,467.0,44.0,31.0,1322.0,17.0,1284.0,4.0,0.0,0.0,1.0,16.0,6.0,638.0,684.0,320.0,9454.90193883,-88.0,-30.0,2.79999995,38660.0,7994.0,0.054
250,TREMONT,0.0,0.0,0.0,0.0,0.0,0.0,0.0,0.0,0.0,0,273,273.0,,,958.0,58.0,882.0,2.0,3.0,2.0,2.0,9.0,4.0,434.0,524.0,247.0,27203.3026657,-37.0,-4.0,2.46271991,31141.0,20397.0,
251,TUSCANY-CANTERBURY,0.0,0.0,1.0,0.0,0.0,0.0,0.0,0.0,0.0,1,1486,1485.0,1.0,1.0,3413.0,2380.0,153.0,1.0,790.0,1.0,21.0,67.0,122.0,1609.0,1804.0,568.0,23453.3803561,-34.0,-204.0,1.58009004,67406.0,15115.0,
254,UNION SQUARE,76.0,2.0,4.0,3.0,1.0,2.0,2.0,1.0,73.0,80,548,533.0,15.0,9.0,1187.0,323.0,781.0,13.0,19.0,0.0,14.0,37.0,37.0,654.0,533.0,194.0,17900.3532826,-138.0,-94.0,2.30716991,25391.0,-34241.0,0.014
255,UNIVERSITY OF MARYLAND,4.0,0.0,15.0,0.0,0.0,0.0,0.0,0.0,4.0,19,143,124.0,19.0,14.0,387.0,204.0,93.0,2.0,77.0,0.0,2.0,9.0,12.0,197.0,190.0,23.0,2562.83726472,-828.0,-109.0,1.35371005,43417.0,27718.0,0.091
256,UPLANDS,4.0,0.0,4.0,0.0,0.0,0.0,0.0,0.0,4.0,8,526,483.0,43.0,4.0,820.0,15.0,790.0,1.0,6.0,0.0,2.0,6.0,10.0,354.0,466.0,208.0,4144.56834652,-1703.0,-838.0,2.72425007,49420.0,5003.0,0.091
257,UPPER FELLS POINT,14.0,6.0,1.0,0.0,0.0,4.0,0.0,0.0,14.0,17,1924,1919.0,5.0,2.0,3851.0,2904.0,264.0,13.0,142.0,1.0,387.0,140.0,832.0,1994.0,1857.0,678.0,30252.5872805,-338.0,-89.0,2.14301991,96731.0,19817.0,0.021
258,UPTON,348.0,11.0,336.0,79.0,2.0,11.0,4.0,48.0,347.0,709,1858,1237.0,621.0,468.0,5746.0,78.0,5546.0,13.0,8.0,3.0,20.0,78.0,73.0,2508.0,3238.0,1191.0,19610.614402,-575.0,-257.0,2.37157011,28677.0,9609.0,0.072
259,VILLAGES OF HOMELAND,0.0,0.0,0.0,0.0,0.0,0.0,0.0,0.0,0.0,0,290,290.0,,,562.3255,428.8685,66.3225,0.5235,50.9465,0.0,4.047,11.6175,20.7585,210.102,352.2235,71.658,17753.2283497,312.32598876,115.61900329,1.93792998,35724.0,8432.0,0.146
260,VIOLETVILLE,2.0,0.0,2.0,0.0,0.0,0.0,0.0,0.0,2.0,4,984,975.0,9.0,2.0,2506.0,2056.0,307.0,8.0,42.0,4.0,24.0,65.0,72.0,1094.0,1412.0,530.0,4227.22929121,-171.0,-15.0,2.13111996,40508.0,-1592.0,0.07
261,WAKEFIELD,0.0,0.0,0.0,0.0,0.0,0.0,0.0,0.0,0.0,0,73,70.0,3.0,,1772.0,68.0,1643.0,4.0,13.0,0.0,17.0,27.0,33.0,713.0,1059.0,384.0,6490.95736517,0.0,-22.0,1.86919999,31024.0,8746.0,0.08
262,WALBROOK,139.0,12.0,41.0,10.0,0.0,9.0,1.0,6.0,139.0,186,1110,1050.0,60.0,48.0,2443.0,37.0,2374.0,3.0,5.0,0.0,1.0,23.0,19.0,1154.0,1289.0,532.0,12249.7703386,-367.0,-181.0,2.58951997,41290.0,3344.0,0.187
263,WALTHERSON,31.0,10.0,14.0,0.0,0.0,9.0,0.0,0.0,31.0,46,2573,2555.0,18.0,14.0,6980.0,1982.0,4683.0,13.0,78.0,1.0,67.0,156.0,130.0,3292.0,3688.0,1662.0,9442.79788403,172.0,5.0,2.66106009,70570.0,17241.0,0.018
264,WASHINGTON HILL,16.0,4.0,18.0,0.0,0.0,4.0,0.0,0.0,16.0,34,715,691.0,24.0,14.0,1969.0,590.0,1046.0,17.0,124.0,2.0,122.0,68.0,248.0,939.0,1030.0,373.0,12525.7739492,57.0,103.0,2.09190011,50205.0,11230.0,0.016
266,WASHINGTON VILLAGE/PIGTOWN,155.0,13.0,7.0,5.0,0.0,10.0,0.0,3.0,153.0,167,2835,2816.0,19.0,7.0,5116.0,2034.0,2611.0,12.0,265.0,1.0,60.0,133.0,177.0,2550.0,2566.0,1089.0,15654.70476,-294.0,55.0,2.39895009,58496.0,10515.0,0.079
267,WAVERLY,33.0,13.0,8.0,0.0,0.0,8.0,0.0,0.0,33.0,46,1209,1196.0,13.0,10.0,2789.0,431.0,2219.0,8.0,46.0,1.0,26.0,58.0,71.0,1296.0,1493.0,646.0,18038.9290164,-386.0,-10.0,2.5848,45919.0,10878.0,0.109
268,WEST ARLINGTON,19.0,3.0,3.0,0.0,0.0,1.0,0.0,0.0,19.0,24,618,609.0,9.0,4.0,2041.0,22.0,1973.0,6.0,4.0,0.0,16.0,20.0,27.0,951.0,1090.0,497.0,7484.17399002,-208.0,-83.0,2.68032002,53214.0,17667.0,0.077
269,WEST FOREST PARK,14.0,2.0,7.0,0.0,0.0,1.0,0.0,0.0,14.0,22,639,618.0,21.0,8.0,2408.0,89.0,2271.0,5.0,4.0,0.0,10.0,29.0,26.0,1036.0,1372.0,633.0,6465.96692132,-124.0,-12.0,2.37474989,52244.0,23022.0,0.032
270,WEST HILLS,1.0,0.0,0.0,0.0,0.0,0.0,0.0,0.0,1.0,1,696,692.0,4.0,,2159.0,139.0,1980.0,1.0,15.0,0.0,5.0,19.0,16.0,931.0,1228.0,542.0,6443.11899672,2.0,31.0,2.30661988,55948.0,9629.0,0.018
271,WESTFIELD,4.0,0.0,1.0,0.0,0.0,0.0,0.0,0.0,4.0,5,1274,1272.0,2.0,1.0,3141.0,1585.0,1377.0,13.0,42.0,4.0,26.0,94.0,110.0,1502.0,1639.0,799.0,7323.04126966,-69.0,-37.0,2.51487994,77978.0,19482.0,0.8
272,WESTGATE,3.0,0.0,3.0,0.0,0.0,0.0,0.0,0.0,3.0,6,680,672.0,8.0,3.0,2683.0,709.0,1882.0,9.0,20.0,1.0,11.0,51.0,30.0,1268.0,1415.0,664.0,8059.69920067,-191.0,-58.0,2.35695004,61646.0,7392.0,0.053
273,WESTPORT,120.0,0.0,6.0,1.0,0.0,0.0,0.0,1.0,119.0,126,606,582.0,24.0,6.0,1593.0,165.0,1370.0,8.0,7.0,0.0,7.0,36.0,17.0,715.0,878.0,395.0,3200.46157083,-591.0,-172.0,2.88586997,67750.0,32287.0,0.067
274,WILHELM PARK,4.0,0.0,0.0,0.0,0.0,0.0,0.0,0.0,4.0,4,246,241.0,5.0,,534.0,401.0,86.0,10.0,12.0,1.0,14.0,10.0,23.0,257.0,277.0,124.0,1198.43806835,30.0,6.0,2.48372006,43286.0,-13754.0,
275,WILSON PARK,15.0,3.0,15.0,5.0,0.0,2.0,0.0,4.0,15.0,32,361,339.0,22.0,15.0,632.3202,13.3254,597.9948,2.0,7.0,0.0,1.0,11.0,3.0,283.463,348.8572,147.7196,6745.75209613,-53.51060104,-18.42989921,2.8125,44972.0,-818.0,0.155
276,WINCHESTER,99.0,3.0,11.0,2.0,0.0,3.0,0.0,1.0,99.0,111,596,583.0,13.0,13.0,1420.0,16.0,1373.0,4.0,0.0,0.0,5.0,22.0,12.0,643.0,777.0,333.0,17082.0753147,-127.0,-54.0,2.88617992,31950.0,8566.0,0.119
277,WINDSOR HILLS,14.0,7.0,11.0,0.0,0.0,6.0,0.0,0.0,14.0,26,619,606.0,13.0,11.0,1552.0,81.0,1435.0,4.0,3.0,1.0,2.0,26.0,15.0,701.0,851.0,389.0,6626.09647903,-297.0,-94.0,2.50809001,60514.0,26508.0,0.02
278,WINSTON-GOVANS,16.0,9.0,36.0,2.0,0.0,4.0,0.0,2.0,16.0,57,539,498.0,41.0,36.0,1341.0,74.0,1218.0,10.0,2.0,0.0,5.0,32.0,26.0,601.0,740.0,288.0,11839.658135,-113.0,-23.0,2.82315993,32674.0,-9701.0,0.123
279,WOODBERRY,2.0,1.0,48.0,0.0,0.0,0.0,0.0,0.0,2.0,51,743,679.0,64.0,48.0,1406.0,953.0,349.0,11.0,31.0,0.0,14.0,48.0,56.0,659.0,747.0,266.0,2643.74813507,295.0,175.0,2.00487995,92885.0,38623.0,0.048
280,WOODBOURNE HEIGHTS,0.0,0.0,1.0,0.0,0.0,0.0,0.0,0.0,0.0,1,395,391.0,4.0,1.0,1795.0,48.0,1674.0,0.0,10.0,0.0,17.0,46.0,38.0,781.0,1014.0,436.0,13339.9868277,-10.0,-12.0,2.27607989,45988.0,6143.0,0.033
281,WOODBOURNE-MCCABE,25.0,8.0,9.0,0.0,0.0,3.0,0.0,0.0,25.0,39,407,388.0,19.0,9.0,908.0,20.0,864.0,3.0,1.0,0.0,5.0,15.0,10.0,389.0,519.0,211.0,12081.971645,-167.0,-24.0,3.02666997,39063.0,87495.0,0.075
282,WOODMERE,31.0,3.0,6.0,1.0,0.0,3.0,1.0,0.0,31.0,37,956,942.0,14.0,8.0,2080.0,46.0,1995.0,1.0,7.0,0.0,4.0,27.0,18.0,901.0,1179.0,555.0,8049.88151809,-225.0,-14.0,2.52497005,29706.0,-1823.0,0.107
283,WRENLANE,13.0,1.0,8.0,1.0,0.0,0.0,0.0,1.0,13.0,22,273,265.0,8.0,7.0,628.6798,12.6746,603.0052,4.0,0.0,0.0,1.0,8.0,12.0,286.537,342.1428,165.2804,21792.3929137,-41.48939895,0.42989999,2.84614992,49408.0,-11118.0,0.158
284,WYMAN PARK,0.0,0.0,0.0,0.0,0.0,0.0,0.0,0.0,0.0,0,506,506.0,,,1141.0,1016.0,25.0,1.0,74.0,0.0,3.0,22.0,30.0,569.0,572.0,246.0,10338.7589363,-80.0,-41.0,1.87048995,102192.0,31079.0,0.9
285,WYNDHURST,0.0,0.0,1.0,0.0,0.0,0.0,0.0,0.0,0.0,1,248,242.0,6.0,1.0,702.0,616.0,31.0,0.0,24.0,0.0,4.0,27.0,24.0,338.0,364.0,166.0,2310.8565843,-100.0,-52.0,2.25,247150.0,106534.0,0.013
286,YALE HEIGHTS,3.0,0.0,6.0,0.0,0.0,0.0,0.0,0.0,3.0,9,633,622.0,11.0,6.0,2500.0,196.0,2202.0,12.0,27.0,2.0,31.0,30.0,41.0,1128.0,1372.0,647.0,13012.3758027,-391.0,-120.0,2.51255989,44688.0,12380.0,0.013
287,YORK-HOMELAND,0.0,0.0,1.0,0.0,0.0,0.0,0.0,0.0,0.0,1,114,113.0,1.0,1.0,482.6745,198.1315,239.6775,0.4765,31.0535,0.0,4.953,8.3825,10.2415,204.898,277.7765,54.342,20597.9469862,0.0,0.0,1.61000001,33170.0,-1825.0,0.147
